realm,username
automation,perf_wd_da1
automation,perf_wd_da10
automation,perf_wd_da11
automation,perf_wd_da12
automation,perf_wd_da13
automation,perf_wd_da14
automation,perf_wd_da15
automation,perf_wd_da2
automation,perf_wd_da3
automation,perf_wd_da4
automation,perf_wd_da5
automation,perf_wd_da6
automation,perf_wd_da7
automation,perf_wd_da8
automation,perf_wd_da9
automation,perf_wd_sa1
automation,perf_wd_sa2
automation,perf_wd_sa3
automation,perf_wd_sa4
automation,perf_wd_sa5
automation,perf_wd_teach1
automation,perf_wd_teach10
automation,perf_wd_teach11
automation,perf_wd_teach12
automation,perf_wd_teach13
automation,perf_wd_teach14
automation,perf_wd_teach15
automation,perf_wd_teach16
automation,perf_wd_teach17
automation,perf_wd_teach18
automation,perf_wd_teach19
automation,perf_wd_teach2
automation,perf_wd_teach20
automation,perf_wd_teach21
automation,perf_wd_teach22
automation,perf_wd_teach23
automation,perf_wd_teach24
automation,perf_wd_teach25
automation,perf_wd_teach26
automation,perf_wd_teach27
automation,perf_wd_teach28
automation,perf_wd_teach29
automation,perf_wd_teach3
automation,perf_wd_teach30
automation,perf_wd_teach31
automation,perf_wd_teach32
automation,perf_wd_teach33
automation,perf_wd_teach34
automation,perf_wd_teach35
automation,perf_wd_teach36
automation,perf_wd_teach37
automation,perf_wd_teach38
automation,perf_wd_teach39
automation,perf_wd_teach4
automation,perf_wd_teach40
automation,perf_wd_teach41
automation,perf_wd_teach42
automation,perf_wd_teach43
automation,perf_wd_teach44
automation,perf_wd_teach45
automation,perf_wd_teach46
automation,perf_wd_teach47
automation,perf_wd_teach48
automation,perf_wd_teach49
automation,perf_wd_teach5
automation,perf_wd_teach50
automation,perf_wd_teach51
automation,perf_wd_teach52
automation,perf_wd_teach53
automation,perf_wd_teach54
automation,perf_wd_teach55
automation,perf_wd_teach56
automation,perf_wd_teach57
automation,perf_wd_teach58
automation,perf_wd_teach59
automation,perf_wd_teach6
automation,perf_wd_teach60
automation,perf_wd_teach61
automation,perf_wd_teach62
automation,perf_wd_teach63
automation,perf_wd_teach64
automation,perf_wd_teach65
automation,perf_wd_teach66
automation,perf_wd_teach67
automation,perf_wd_teach68
automation,perf_wd_teach69
automation,perf_wd_teach7
automation,perf_wd_teach70
automation,perf_wd_teach71
automation,perf_wd_teach72
automation,perf_wd_stud1
automation,perf_wd_stud10
automation,perf_wd_stud100
automation,perf_wd_stud101
automation,perf_wd_stud102
automation,perf_wd_stud103
automation,perf_wd_stud104
automation,perf_wd_stud105
automation,perf_wd_stud106
automation,perf_wd_stud107
